{
  "ext/controller/Upload-dbg.js": 1713939761560,
  "ext/fragment/Attachment.js": 1713939761560,
  "ext/fragment/Attachment2.js": 1713939761560,
  "manifest.json": 1713970490364,
  "ext/controller/Uploadcontroller.controller.js": 1713939761560,
  "ext/controller/Upload.js": 1713939761560,
  "Component.js": 1713939761560,
  "Component-preload.js": 1713970490723,
  "i18n/i18n.properties": 1713939761560,
  "ext/fragment/Attachment-dbg.js": 1713939761560,
  "ext/controller/Uploadcontroller-dbg.controller.js": 1713939761560,
  "ext/fragment/Attachment2-dbg.js": 1713939761560,
  "Component-dbg.js": 1713939761560,
  "ext/fragment/Attachment2.fragment.xml": 1713939761560,
  "ext/fragment/Attachment.fragment.xml": 1713939761560,
  "index.html": 1713939761560
}