{
  "ext/controller/secondview-dbg.js": 1713939761556,
  "ext/controller/Pdfshow2.js": 1713939761556,
  "ext/controller/thirdview.js": 1713939761556,
  "ext/controller/secondview.js": 1713939761556,
  "ext/controller/Pdfshow4.js": 1713939761556,
  "ext/controller/Pdfshow3.js": 1713939761556,
  "manifest.json": 1713970485289,
  "ext/controller/Pdfshow1.js": 1713939761556,
  "ext/controller/Pdfshow.js": 1713939761556,
  "ext/controller/Pdfcontrollerrej.controller.js": 1713955144313,
  "ext/controller/Pdfcontrollerdraft.controller.js": 1713955134446,
  "ext/controller/Pdfcontroller.controller.js": 1713955012083,
  "ext/controller/Pdf_controllersub3erp.controller.js": 1713955121754,
  "ext/controller/Pdf_controllerinapp.controller.js": 1713954635563,
  "ext/controller/Draftattachment.js": 1713939761556,
  "Component.js": 1713939761556,
  "Component-preload.js": 1713970485741,
  "ext/controller/Pdf_controllersub3erp-dbg.controller.js": 1713955121754,
  "i18n/i18n.properties": 1713939761556,
  "ext/controller/Pdfshow4-dbg.js": 1713939761556,
  "ext/controller/Pdfshow3-dbg.js": 1713939761556,
  "ext/controller/Pdfshow2-dbg.js": 1713939761556,
  "ext/controller/Pdfshow1-dbg.js": 1713939761556,
  "ext/controller/Pdfshow-dbg.js": 1713939761556,
  "ext/controller/Pdfcontrollerrej-dbg.controller.js": 1713955144313,
  "ext/controller/Pdfcontrollerdraft-dbg.controller.js": 1713955134446,
  "ext/controller/Pdfcontroller-dbg.controller.js": 1713955012083,
  "ext/controller/thirdview-dbg.js": 1713939761556,
  "ext/controller/Pdf_controllerinapp-dbg.controller.js": 1713954635563,
  "ext/controller/Draftattachment-dbg.js": 1713939761556,
  "Component-dbg.js": 1713939761556,
  "ext/fragment/Pdfshow3.fragment.xml": 1713939761556,
  "ext/fragment/Pdfshow2.fragment.xml": 1713939761556,
  "ext/fragment/Pdfshow1.fragment.xml": 1713939761556,
  "ext/fragment/Pdfshow.fragment.xml": 1713939761556,
  "ext/fragment/Pdf.fragment.xml": 1713939761556,
  "ext/fragment/Draftattachment.fragment.xml": 1713939761556,
  "index.html": 1713939761556
}